{
  "rules": {
    "rooms": {
      "$roomId": {
        ".read": "auth != null",
        ".write": "auth != null",
        "clients": {
          "$clientKey": {
            ".read": "auth != null",
            ".write": "auth != null"
          }
        },
        "signals": {
          "$signalKey": {
            ".write": "auth != null",
            ".read": "auth != null"
          }
        },
        "passwordHash": {
          ".write": "auth != null",
          ".validate": "newData.isString()",
          ".read": "auth != null"
        }
      }
    },
    ".read": false,
    ".write": false
  }
}
